3126747, https://ms.taleo.net/careersection/2/jobdetail.ftl, Executive Director, Trader, Conduct market-making equities transactions by providing prices to clients of the Firm who are looking to trade exchange traded funds. Maintain responsibility for the inventory of the exchanged traded funds trading book. Make independent decisions regarding product prices and quoting these prices to clients. Review and decide which exchange traded funds to hold on book while anticipating future client demand. Act as a Trader on the D1 desk trading exchange traded funds, sector swaps, and sector futures. Conduct and review OTC exchange traded funds market making processes and risk pricing. Maintain responsibility for various delta one products, such as futures, sector swaps, and custom basket. Hedge trading book peripheral risks, specifically focusing on FX and interest rate risks. Requires a Master’s degree in Economics, Finance, Business Administration, or closely related field of study and five years of experience in the position offered or five (5) years of experience as an Analyst, Associate, Vice President, or related role on a trading desk. Requires five years of experience with: market making; making block markets in exchange traded funds including domestic equity, international equity, fixed income and commodity funds, and equity futures; ETF creation/redemption process; trading in global equity markets; building and maintaining customer relationships with clients active in the ETF space; and trading in local European markets with understanding of market structure and rules. Requires four years of experience with: managing risk trades exceeding $100 million in size and managing inventory of greater than $1 billion.
3126231, https://ms.taleo.net/careersection/2/jobdetail.ftl, Executive Administrative Assistant (Technology Management), Morgan Stanley is a leading global financial services firm providing a wide range of investment banking, securities, investment management and wealth management services. The Firm's employees serve clients worldwide including corporations, governments and individuals from more than 1,200 offices in 43 countries. As a market leader, the talent and passion of our people is critical to our success. Together, we share a common set of values rooted in integrity, excellence and strong team ethic. Morgan Stanley can provide a superior foundation for building a professional career - a place for people to learn, to achieve and grow. A philosophy that balances personal lifestyles, perspectives and needs is an important part of our culture. Technology works as a strategic partner with Morgan Stanley business units and the world's leading technology companies to redefine how we do business in ever more global, complex, and dynamic financial markets. Morgan Stanley's sizeable investment in technology results in quantitative trading systems, cutting-edge modeling and simulation software, comprehensive risk and security systems, and robust client-relationship capabilities, plus the worldwide infrastructure that forms the backbone of these systems and tools. Our insights, our applications and infrastructure give a competitive edge to clients' businesses—and to our own. Provide full secretarial / administrative support to assigned team. Provide administrative support to officers and other team members with the department support. Work as part of the Technology and Data Administration Team on policies and procedures. Keep calendars up to date including preparation of travel itineraries / schedules for business trips (travel details & contact telephone numbers should be entered) Pro-active: Identifies other value add areas for MDs over and above day to day tasks. Identifies areas for improvement and suggests solutions. Demonstrates willingness to learn about the business (helps integration into group) Excellent organizational skills Excellent time/priority management skills Word / PowerPoint / Excel / Outlook: Intermediate level   Creation of Word documents, Excel spreadsheets & databases and presentations / reports. Formatting of Word documents, if necessary importing data from/to various packages  Additional Comments: We need someone with confidence, who has a very professional manner and can juggle a number of tasks. The ideal candidate will have worked for a senior manager before
3126691, https://ms.taleo.net/careersection/2/jobdetail.ftl, Associate, Data Network Operations Engineer, Develop, execute, and test plans for network changes on a weekly basis. Gather requirements for new project implementations. Perform data center refresh by deploying new network devices. Provide Local Area Network (LAN) connectivity and implement configuration changes, software upgrades, and physical hardware support of network equipment. Act as an escalation point for Level 2 Deployment Engineers and roll out the production changes. Troubleshoot and provide a day-to-day Level 3 operational support. Participate in weekly design meetings and engage with various engineering teams to review the infrastructure. Participate in Change Advisory Board meetings to explain changes and answer any questions from the Change Board. Requires a Master’s in Electrical Engineering, Computer Engineering, or a related field of study and two (2) years of experience in the position offered or two (2) years as an Analyst Engineer, Associate Engineer, or related occupation in the technology field. Requires two (2) years of experience with Data networking principles; Supporting and implementing high-speed and secured network in production environments; Decoding packet captures and identifying network and application issues; and deploying and troubleshooting QoS. Requires two (2) years of experience with Hardware including Cisco Switches and Routers, Arista Switches, and HP and Dell switches; Ethernet technologies including spanning tree, vlans, trunking, channeling, multilayer switching, and VDI; WAN technologies including SONET/SDH and MPLS; IP routing protocols including OSPF, BGP, and RIP; Multicast routing including PIM, IGMP, and MSDP; Network Management System tools including SevOne, Spectrum, Splunk, and CMDB; and Instrumentation tools including Spectracom, Corvil and Extrahop.
3126686, https://ms.taleo.net/careersection/2/jobdetail.ftl, Vice President, Technical Lead, Create Party and Account Data Technologies architecture, infrastructure, and application stack including Master Data Management HUB, database, application servers, Operational Reference Store, High Availability, and Disaster Recovery. Provide architecture oversight and build enterprise application stacks for a master data management platform. Gather development requirements, conduct analysis, and conceptualize framework. Design and oversee prototype development and architectural framework. Prepare design documents. Develop and implement various technical standards. Ensure the development of technical solutions are aligned with organization processes and procedure. Conduct functional and performance tests for applications. Resolve discrepancies identified during development and testing. Resolve implementation and deployment issues. Participate in development project planning. Develop, modify, enhance, and review code. Prepare and review test cases. Review and analyze test results. Requires a Master’s in Computer Applications, Computer Science, or a related field of study and five (5) years of experience in the position offered or five (5) years as a Vice President, Technical Lead, or related occupation in the technology field. Requires five (5) years of experience: analyzing, designing, architecting, deploying, and implementing enterprise level software solutions and applications; overseeing full project development life cycle; creating functional, technical, and architecture documentations to capture end-to-end solutions including business processes, rules, and user references. Requires five (5) years of experience with: Siperian MDM (Informatica MDM); Oracle Golden Gate; Java; J2EE; Spring; Struts; Hibernate; Oracle; DB2; Rational Rose; IBM BPM; UML; Unix; Web Services; WebLogic; WebSphere; MQ Series; WS-Security; and XML/XSD.
3125519, https://ms.taleo.net/careersection/2/jobdetail.ftl, Vice President, UX Development, Responsible for engineering, design, development, delivery, and support of the technical solutions behind products and services. Define and lead common components and best practices, and standardize the processes by utilizing PTIstyles 3. Oversee, recommend, and implement appropriate solutions and enhancements to ensure that there is improvement in system reliability, performance, production availability, and stability.Requires a Master’s degree in Information Technology, Computer Engineering, Computer Science, or closely related field of study and three (3) years of experience in the position offered or three (3) years of experience as a Manager, Senior Manager, Vice President, or related occupation in financial services technology. Will accept a Bachelor’s degree and five (5) years of experience in lieu of a Master’s degree and three (3) years of experience. Requires three (3) years of experience with: designing and implementing large scale enterprise applications including discover, design, implement, and optimize; front end development using JavaScript; Application Performance Analysis; object oriented design; development with Java/J2EE; REST; Junit; implementing WebSockets in a large scale application; using caching frameworks; full stack development; utilizing behavior driven development (BDD) frameworks in product development; RDBS and NoSQL databases; libraries; message handling; and error handling. Requires two (2) years of experience with: Angular AOT; Human Tasks; Business Objects (BO); Service Data Objects (SDO); Business Rule Engine (ODM); development using modern JavaScript frameworks including Angular, Angular2, and React JS; Jasmine; NodeJS; build and automation frameworks for JavaScript; IBM Process Designer; IBM business process management (BPM) process modules; business process execution language (BPEL) service component architecture (SCA) modules and bindings; and mediation modules.
3126530, https://ms.taleo.net/careersection/2/jobdetail.ftl, Full Stack Developer, Morgan Stanley is a leading global financial services firm providing a wide range of investment banking, securities, investment management and wealth management services. The Firm's employees serve clients worldwide including corporations, governments and individuals from more than 1,200 offices in 43 countries.Technology works as a strategic partner with Morgan Stanley business units and the world's leading technology companies to redefine how we do business in ever more global, complex, and dynamic financial markets. Morgan Stanley's sizeable investment in technology results in quantitative trading systems, cutting-edge modelling and simulation software, comprehensive risk and security systems, and robust client-relationship capabilities, plus the worldwide infrastructure that forms the backbone of these systems and tools. Our insights,our applications and infrastructure give a competitive edge to clients' businesses—and to our own. Enterprise Technology & Services (ETS) delivers shared technology services for the Firm supporting all business applications and end users. ETS provides capabilities for all stages of the Firm’s software development lifecycle, enabling productive coding, functional and integration testing, application releases, and ongoing monitoring and support for over 3,000 production applications. ETS also delivers all workplace technologies (desktop, mobile, voice, video, productivity, intranet/internet) in integrated configurations that boost the personal productivity of our employees. Application and end user services are delivered on a scalable, secure, and reliable infrastructure composed of seamlessly integrated datacenter, network, compute, cloud, storage, and database services.This position is with the Enterprise System Management (ESM) department. The position is with a team responsible for a set of systems used to manage Morgan Stanley’s IT inventory and assets data, together with their configuration and operational state. This data is critical for regulatory, operational, and efficiency purposes.We are executing a project to improve the provisioning, storing, querying, analyzing and extraction of knowledge from the data we manage, which is comprised of hundreds of millions of data elements. As part of this project we are renovating and improving our entire data management platform, currently based mostly on Sybase and Java processes. We already have graph databases that we use for analytics and we are looking into incorporating data lake technologies for our raw sources of data.As a full stack developer, you’ll be building scalable system used to source our critical data. You will be involved in the implementation of web application used to visualize efficiently this data. You will participate actively in our sprint planning, retrospectives and demos and we expect you to provide constructive feedback on our pull requests and identify new ways to innovate. The core development team is based entirely in Montreal.We are looking for a candidate that is passionate about technology and likes to stay on the leading edge of development paradigms, data at scale and continuous delivery. The ideal candidate is someone who loves to learn and is a quick learner.Required skills:- Strong core Java programming skills (multithreading, asynchronous programming) - Strong knowledge of Unix/Linux fundamentals,5+ years of experience in back-end development in Java and Spring 5+ years of experience in front-end development - Knowledge of Angular 7 and Material Design- At least 2 years of experience working with Sybase ASE.- At least 2 years of experience working with ElasticSearch - At least 2 years of experience working with graph databases (preferably RDF-based)- Experience working with API gateways (such as apigee or mulesoft) - Experience building REST APIs using OpenAPI standards- Experience working with Apache zookeeper- Experience working with Kerberos-based authentication mechanisms - Experience developing applications for cloud and distributed environments- Track record of building, delivering and maintaining enterprise level applications- Good communication skills- Strong problem solving skills - Data Modelling and Data Analysis skills- Experience working with Apache Kafka- Experience working with Hazelcast - Bachelor Degree in Computer Science, engineering or related fields.
3124104, https://ms.taleo.net/careersection/2/jobdetail.ftl, Fixed Income Platform IT Lead, Morgan Stanley Investment Management strives to provide outstanding long-term investment performance, service and a comprehensive suite of investment management solutions to a diverse client base, which includes governments, institutions, corporations and individuals worldwide. MS Investment Management Technology is responsible for the design, development, delivery, and support of the global technical platforms that supports the MSIM Business.Morgan Stanley Investment Management Fixed Income Technology is looking for an IT Lead with prior expertise in STP and automation of workflows related to Portfolio Construction, Compliance, Trading, Booking, Recon. The FI Technology team sits within the larger Investment Management technology organization and builds state of the art technology solutions for the FI business with a global user base and an AUM of 400BAssist in building a strong partnership with the FI COO and Head of Trading to drive the Fixed Income platform strategy forward Drive the business analysis, creation of functional specs and also lead the FI IT team to ensure effective and timely delivery of IT product automation, new solutions and enhancements Develop a thorough understanding of the operational requirements of the FI IT platform and leverage technical expertise to design and deliver IT solutionsLead the FI IT Team for project initiations, planning, solution design, oversee delivery, prioritize strategic work versus enhancements Key anchor and point person for the Fixed Income Business user base. Able to drive conversations and manage user expectations with competing prioritiesDevelop a thorough understanding of MSIM technology’s development processes and requirements working closely with peer teams such as Data Management IT, Operations IT etc.Keep up to date with market developments in the Asset Management FI space and bring innovative ideas to the platform to maintain a competitive advantage Keep up to date with market developments in the Asset Management FI space and bring innovative ideas to the platform to maintain a competitive advantage Drive the Fixed Income Data Rationalization and streamlining initiative Deep foundational knowledge of Fixed Income derivatives & bond products Prior experience building solutions for the FI Front Office area. Deep familiarity with FI fundamentals, research and analytics is required Technically savvy; from a technical background to be able to drive discussions and decision points around platform design, technology choices, integration options Hands-on in platform analysis, design and development Innovative mindset; Leadership in challenging the status quo and ability to propose new enhancements to improve the quality of the FI platform and overall user Experience / Satisfaction Prior experience in building integrations with FI Execution Venue and Liquidity Sources a huge plus Thorough understanding of electronic trading industry Ability to build strong trust relationships with the business Excellent communication and presentation skills Results oriented Team-player Experience in Core Java, multithreading, T-SQL, Scripting Bachelors / Masters in Information Technology or related field.8-10 Years of relevant experience
3125514, https://ms.taleo.net/careersection/2/jobdetail.ftl, Associate, SPG Middle Tier Developer, Morgan Stanley Services Group Inc. seeks an Associate, SPG Middle Tier Developer Define and build efficient and maintainable processes that provide highly resilient and stable platforms to support critical risk and trade capture processing requirements. Integrate applications and provide for data exchanges between applications. Work with other teams and business areas to ensure that the data required for proper risk and trade processing is made available. Understand volume growth to ensure the system and infrastructure scale to meet ever-increasing demand. Work on real-time trade-entry, position management, and P&L platform. Work with traders, operations, strats, controllers, mainframe teams, and other non-SPG trade-capture groups. Involved with MS SPG businesses. Work closely with users and engineering teams to define the best possible solutions. Engage users to identify requirements, direction, and issues.Requires a Master’s degree in Computer Science, Computer Engineering, Electronic Engineering, or closely related field of study and four (4) years of experience in the position offered or four (4) years of experience as a Programmer, Developer, or related occupation. Requires four (4) years of experience with: C++ development; Unix/Linux; Perl; shell; Sybase SQL; designing and deploying mission critical infrastructure software that runs in a real-time, multi-threaded environment; application server design and development including receiving data streams from disparate sources, processing and enriching that data, and feeding multiple downstream systems; messaging, pub/sub, and market data distribution systems; supporting distributed systems in a highly complex environment; troubleshooting and following a methodical approach to problem resolution; working on a global team; project management; Fixed Income products and business; and Fixed Income trading systems. Will accept any amount of experience with: SOAP/XML/WSDL; networking; Korn shell scripting; and Autosys.
3125693, https://ms.taleo.net/careersection/2/jobdetail.ftl, Senior Database Application DBA/Infrastructure Specialist, Morgan Stanley is a leading global financial services firm providing a wide range of investment banking, securities, investment management and wealth management services. The Firm's employees serve clients worldwide including corporations, governments and individuals from more than 1,200 offices in 43 countries.As a market leader, the talent and passion of our people is critical to our success. Together, we share a common set of values rooted in integrity, excellence and strong team ethic. Morgan Stanley can provide a superior foundation for building a professional career - a place for people to learn, to achieve and grow. A philosophy that balances personal lifestyles, perspectives and needs is an important part of our culture. Morgan Stanley is an equal opportunities employer. We work to provide a supportive and inclusive environment where all individuals can maximize their full potential. Our skilled and creative workforce is comprised of individuals drawn from a broad cross section of the global communities in which we operate and who reflect a variety of backgrounds, talents, perspectives and experiences. Our strong commitment to a culture of inclusion is evident through our constant focus on recruiting, developing and advancing individuals based on their skills and talents. This position is for a database developer role in the transactional data team. Among many other databases, our team manages the firm critical Institutional Trade Capture databases and is responsible for the OTC Derivatives Trades Internal Reporting. We are a team of highly technical individuals who manage a large number of databases that include Big Data volumes. We deliver multiple projects for multiple business areas in parallel. The business owners and subject matter experts are globally distributed, making strong communication skills important to the position. The candidate will be expected to work closely with our IT partners in analyzing and delivering on business requirements. Development will utilize an agile methodology, which is based on scrum (time boxing, daily scrum meetings, retrospectives, etc.), and XP (continuous integration, refactoring, unit testing, etc) best practices. Candidates must therefore be able to work collaboratively, demonstrate good ownership and be able to work well in teams. Work will include designing, enhancing and developing databases across different database environments. The job will involve considering all aspects of the project life cycle and includes proof-of-concept evaluations, coding, designing, testing, implementing, deploying, and continued support of project releases as well as on-call Level 2 support. Collaboration with the Firm’s engineering teams is expected. - Database Infrastructure Engineering for stability, scalability and capacity planning.- Application DBA functions: plan & execute database schema changes, bottleneck analysis, outage prevention/resolution, server/database performance improvements, database maintenance, database recovery, etc. - Database development (stored procedures, ETL, tools) and queries/stored procedures review and optimization. - Enforce database security, standards & guidelines. - 3-5 years of experience of DB2 Linux (SQL, Temp tables, plan explains, MQTs, MDCs, referential integrity constraints, etc) and Sybase- The candidate must have advanced scripting knowledge such as: Python or Perl - The candidate must have advanced knowledge base of relational database performance and tuning such as: proper use of indices, database statistics/reorgs, de-normalization concepts, memory management, database configurations, etc. - The candidate must have knowledge of database modelling tool such as power designer - The candidate must have advanced knowledge base of relational database performance and tuning such as: proper use of indices, database statistics/reorgs, de-normalization concepts, memory management, database configurations, etc. - Basic knowledge of other databases is a plus. - The candidate must have advanced scripting knowledge such as: Python or Perl.- The candidate must have advanced knowledge base of relational database performance and tuning such as: proper use of indices, database statistics/reorgs, de-normalization concepts, memory management, database configurations, etc. - Knowledge of Database cloning tools such as Delphix - Versioning tools such as perforce and git is a plus, but not required.- Knowledge of financial instruments would be a great benefit - Bachelor’s Degree or Master’s Degree in computer science, mathematics or relatedIntegrity & ownership, good team player, ability to work under time and resource dependencies and constraints, ability to find simple and effective solutions, high degree of motivation to expand technical and business knowledge. Benefits offered: A corporate medical, dental and life insurance as well as short-term and long-term disability insurance plans, 4 weeks of vacation per year, 6% RRSP matching up to an annual cap of $8,000.
3125513, https://ms.taleo.net/careersection/2/jobdetail.ftl, Associate, Design and develop new applications and enhance and support existing systems and applications. Implement distributed systems of multi-tier architecture. Work closely with both internal and external clients and users. Provide engineering support for vendor products. Participate in system integration efforts and requirements gathering for projects involving multiple teams and systems. Work on various integration/special projects with different business units. Work on R&D and proof-of-concept implementations to integrate new products and technologies into the firm system. Requires a Bachelor’s degree in Computer Engineering, Computer Science, or closely related field of study and five (5) years of experience in the position offered or five (5) years of experience as a Developer, Programmer, IT Consultant, or related occupation. Requires five (5)years of experience with: programming in Java 6 or later, JavaScript, Spring, Struts, and JSP; Unix/Linux based systems; APIs; Shell scripting; network protocols including TCP/IP, HTTPS, FTP, SSH/SFTP, and SMTP; Sybase or RDBMS; SOA; MQ Series; Apache; and Tomcat. Requires three (3) years of experience with: enterprise file transformation platforms including IBM ConnectDirect, IBM Control Center; and IBM SecureProxy; and PGP/GPG encryption methods. Will accept any amount of experience with Kaspersky antivirus 
3125510, https://ms.taleo.net/careersection/2/jobdetail.ftl, Associate, Java Developer, Develop core modules of deal lifecycle management and debt and loan syndication applications. Create and update unit tests and integration tests. Engage with a global team including various developers and support personnel. Work with QA and Support teams to ensure quality of the product. Requires a Master’s degree in Electrical Engineering, Computer Science, Computer Engineering, or closely related field of study and five (5) years of experience in the position offered or five (5) years of experience as a Software Developer, Software Analyst, or related occupation. Requires five (5) years of experience with: Java; Core Java/J2EE; Spring 4; Hibernate; JSP; Ehcache or Hazelcast; Relational Database Design and Query; 3NF design; Query Optimization; Stored Procedure Design; Junit; Mockito or Power Mock; Linux Shell Scripting; design patterns including transactions, aspect oriented programming, model view controller, and multi-threaded data structures; software development life cycle (SDLC); Agile methodologies; Test Driven Development (TDD); and system design and architecture including 3/N-Tier applications. Requires three (3) years of experience with: developing systems for the financial services industry or comparable industry; Java 8 including lambdas, streams, and optional; CXF; Lucene Search; Apache Camel; NLP Frameworks including JFlex/Yacc or CoreNLP; Non-relational DB including Mongo or Couch DB; Automated Regression Testing; MQ; Maven or Gradle; and Jenkins.
3125900, https://ms.taleo.net/careersection/2/jobdetail.ftl, Associate, Work on various software development projects and initiatives. Participate in the development of a highly distributed, low latency trading platform used to book trades, continuously calculate prices and associated metrics, allow for historical time-series analysis, and connect directly with several electronic markets. Work with systems used to control algorithmic trading configuration for electronic feeds with a high update rate and an optimized user interface. Build new software features and enhancements. Renovate, improve, and selectively rewrite parts of the existing system. Involved in all aspects of the software development lifecycle, including gathering requirements, analysis of existing systems and functionalities, design, and implementation, through to production roll out and subsequent support. Work closely with several global teams within the technology department and translate business needs into technical projects. Responsible for engineering, design, development, delivery, and support of the technical solutions behind products and services. Requires a Bachelor’s Degree in Information Technology, Computer Science, Computer Software, or related field of study and five (5) years of experience in the position offered or five (5) years of experience as a Software Developer, Software Engineer, Technology Analyst, or related occupation. Five (5) years of experience with: all aspects of software development; desktop C# .net development in WinForms or WPF and user interface (UI) data binding; and developing multi-threaded systems. Three (3) years of experience with: WPF, including concepts of MVVM, dependency injection, and styling; unit testing frameworks, including Nunit, MSTest, and Mocking frameworks; and SQL. One (1) year of experience: developing desktop applications using WinForms; developing WCF services; Sockets, Generics, File Handling, Binary Data management, Reflection, Process and UI performance bottlenecks / improvements, and memory management; low latency high throughput messaging systems; data structures, design patterns, and object-oriented concepts; version control systems, including Git, Perforce, and Svn; data formats and protocols including SOAP, XML, and JSON; Jenkins and SDLC; Agile development; and working with a multi-regional global system.
3125903, https://ms.taleo.net/careersection/2/jobdetail.ftl, Vice President, Responsible for the coordination of development functions, including business requirements elaboration, systems and process flow analysis, meeting critical milestones, and deliverables that are time and scope boxed. Collaborate across the technology organization and provide sound business analysis, process, and change leadership within a maturing, hybrid (Agile/Waterfall) PDLC framework. Responsible for senior stakeholder management across business, technology, and operations for strategic programs and critical change initiatives for the Firm. Drive analytics projects and programs from concept to deployment. Define product strategy and roadmaps for analytics and data portfolio in collaboration with business and technology stakeholders.Responsible for evaluation of new technologies in the analytics and data space, determine their applicability to the Firm, and productize technologies. Provide guidance and support for new digital business models and their implementation in the wealth management industry. Provide thought leadership and recommendations to management based on best practices and experience working in a global and diverse environment. Identify, create, and manage appropriate departmental and executive governance forums to ensure execution excellence, prioritization, and issue escalation, etc. for the portfolio. Responsible for building portfolio reporting aligned with enterprise project portfolios.Provide transparency to senior management, with respect to portfolio issues and risks, and recommend/implement strategies for effective and efficient operations. Conduct project or program audits to ensure standards and scopes are being met and achieved. Communicate effectively and proactively with management and provide ideas and recommendations for optimizing business operations, resources, and fixed capacity. Requires a Bachelor’s Degree in Electronic Engineering, Computer Science, Business Administration, Finance, Economics, or related analytical field of study and five (5) years of experience in the position offered or five (5) years of experience as a Consultant, Project Manager, or related occupation. Will accept any amount of experience with: delivering large strategic programs, spanning business, technology, and operations; evaluating product capabilities and providing guidance on product roadmaps and strategies; technology evaluation and leveraging best of breed technologies to build products that drive revenue, improve operational efficiencies, and manage risk for the Firm; evolving technologies such as big data analytics and machine learning and adapting to the growing needs of the industry; defining new products, agile development, and piloting, testing, and taking products to market; wealth management industry and contextualizing Firm priorities; and business analysis to develop technical and functional requirements, use cases, and user story maps.
3117314, https://ms.taleo.net/careersection/2/jobdetail.ftl, Fixed Income Desk Strategist / Quantitative Developer, Morgan Stanley's Cross-FID strategists are a growing, business-aligned team that focus on real-time tools for traders and salespeople in the Fixed Income Division. This global, multi-disciplinary team uses a combination of modern technology and quantitative techniques to provide business-critical portfolio and market analysis. Our main platform has a HTML5/Angular.js front end, and runs analytics and visualizations over data streamed from our kdb+/python infrastructure and other internal systems. The Fixed Income Strategists Group is looking to hire a highly motivated, technical individual with significant experience in the front office. You will be expected to partner closely with traders, salespeople, fellow strategists and IT groups to deliver solutions that benefit the Fixed Income business. You will have a successful track-record of delivering innovative multi-tier business-critical solutions. You will be experienced in analyzing data to dig into business problems and to create visualizations that enable users to gain business insights You will build tools and analytics to help price deals, analyze risk and identify market opportunities. You will be seated on the trading floor and therefore should be comfortable working in a fast paced environment, multitasking, and prioritizing accordingly. Bachelor's degree or higher in computer science, engineering, physics or related discipline Commercial experience of Q/KDB Commercial experience of HTML5, JavaScript, AngularJS Knowledge of C++, Java or Scala would be advantageous Time series analysis and machine learning experience would be advantageous Experienced in both Linux and Windows environments Experience of a financial trading environment is preferred. Knowledge of fixed income products is not required, though candidates must demonstrate ability and desire to learn.
3125299, https://ms.taleo.net/careersection/2/jobdetail.ftl, Computer System Analyst, - Acting as an escalation point from our offshore teams to provide production management services including end user support, systems monitoring, incident, problem management, plant management and event management. - Subject matter expert (SME) for the P&L and Balance Sheets systems developed in house and deployed on industry leading SAP ERP (ECC) system which integrates with multiple applications like IPH,EFL etc to make it compatible with legacy data. - SME for Pheonix Data Repository (PDR), which is an in-house application to enable function-specific workstreams to address different business areas like Revenue, Funding, Cost Attribution, Budget and Forecasting. It is designed on informatica, DB2 , autosys, zapplets and java based services. - SME for GLRD (GL reference data) system, which is a suite multiple in-house applications ATLAS, LYNX, GENESYS, LEGEND and LEXICON, to facilitate maintenance, modification and distribution of Reference data including chart of accounts governing company’s Institutional and non-institutional General Ledger. - Subject matter expert (SME) for SAP BASIS and SAP Security. - SME for SAP BPC module for consolidate reporting. - Monitor Ancile servers and troubleshot issues - Setting up of Monitoring system at server and application level using tools like sockeye, batchmonplus, watchtower etc. - Generating the Management reports using Qlikview technology from different application team data on utilization and growth of business. - Development of bridges/API between different application using Perl, Python and shell scripting technologies. - Aiding trouble shooting with strong technical skills in both multiple OS environment and Sybase databases and DB2 databases - Problem management to drive the cost of support and complexity therefore reducing risk of failure seek the cause of inefficiencies we face, to enables us to take a metrics driven approach to prioritizing work - Working with multiple Finance Development teams and Finance Controllers based in globally location including Montreal, New York, London, Hong Kong, Tokyo and Mumbai - Understanding the Finance Division and the core asset classes that enable us to produce key Financial Reporting. This will require and a full understanding of the Critical Business path for P&L daily and monthly reporting - To ensure our client’s issues are resolved within defined SLAs (Service Level Agreements) and meeting their expectations, managing and chairing outage conversation with senior key decision makers both in the business and the greater IT team. - Leveraging the available tools within team, to ensure that system and critical incidents are correctly managed, ensuring timely resolution and as well focusing on strategic solution detailed analysis of new issues and documenting associated fixes - Ability to train other colleagues in support team and mentor junior support staff members in their day-to-day task execution. - At least 5+ years of relevant experience in Finance and Accounting applications. - At least 5+ years of relevant experience in RDBMS database technologies like Sybase, DB2, Teradata/Greenplum - At least 4+ years of experience in ETL/BI tools like Informatica, COGNOS, Qlikview - At least 2+ years of experience in SAP FICO - At least 2+ years of experience in SAP BASIS, SAP security - At least 1+ years of experience in SAP BPC, SAP BW - At least 2+ years of experience in scripting on Perl, Python, Shell - At least 2+ years of experience with messaging platforms (MQ) and Autosys. - Excellent understanding of system monitoring tools. - Strong problem solving skills and an ability to learn rapidly on-the-job - Ability to work with clients during incident and outages - Comfortable in a Linux environment - Strong verbal and written skills required to interact with global teams and customers - Good organization and coordination skills - Finance and Accounting data analysis, excellent communication and presentation skills with the ability to zoom in and zoom out of communication granularity for effective problem solving across all level of the IT and business community. Bachelor Degree in Computer Science, engineering or related fields
3124748, https://ms.taleo.net/careersection/2/jobdetail.ftl, Software Developer, Morgan Stanley is seeking an experienced developer to join the Research Technology team. Research Technology is aggressively adopting agile methodologies delivering rapidly for various platforms. These platforms include data, research authoring, multi-channel distribution, advanced analytics, CRM and legal and compliance based systems. The successful candidate will be a self-motivated member participating in full life cycle software development using agile methodologies. - Ability to approach development with modularity in mind to accommodate shifting priorities and the challenges associated with rapid prototyping and Agile methodologies. - Participate in sprint planning sessions, estimating stories. - Ability to independently deliver assignments using multiple technologies. Develop clean, quality code. Write unit test cases - Works well within diverse technology and other team’s large projects. - At least two years of experience with Collibra defining asset models, integrating with product APIs, workflows using Java. - At least two years of experience with developing financial systems with domain knowledge of Institutional research. - At least one year of experience with Morgan Stanley including expertise with MSJava is desired. - At least one year of experience with Big Data systems, Hadoop and related tools desired. - 2-5 years of experience in developing web UI using Angular, JavaScript, Typescript. - 2-5 years of experience in developing scalable Java multi-threaded applications using J2EE technologies, Spring and other open source products. - 2-5 years of experience writing unit test cases for using JUnit, mocking products and Karma/Jasmine - At least one year of experience in agile software development concepts and processes (e.g. scrum, Kanban etc.) developing full E2E user stories desired - Exceptional communication and ability to learn and adapt to new technologies - Critical thinking and decision making skills Bachelor’s Degree in computer science, mathematics or related
3121733, https://ms.taleo.net/careersection/2/jobdetail.ftl, Valuation and Risk Developer, Our team has built a strategic cross-asset valuation risk computation framework for our Fixed Income businesses. We are looking for talented candidates who have studied Financial Engineering, are strong programmers and excited about learning new technologies. The position will entail design, implementation and optimization of the valuation framework; particularly focused on pricing, analytics and risk. - work with desk strategists to integrate and optimize existing analytics libraries to our scala-based valuation and risk framework - develop new analytics to improve on current implementations - refactor existing analytics to improve API - analyze and optimize performance of real time, intra-day and end of day risk computation - communicating with trading desk strategists and other stakeholders - design and develop new functionality for the platform as needed when we onboard new businesses - excellent code development skills - strong exposure to financial valuation and risk methodologies - ability and willingness to learn new programming languages - strong oral and written communication skills - strong team collaboration ability in local and global team
3117416, https://ms.taleo.net/careersection/2/jobdetail.ftl, C++ Developer, The Foreign Exchange (FX) Technology team is responsible for the core technologies for the FX electronic trading business, providing infrastructure and implementing algorithmic solutions for high frequency trading, hedging and order management system. This particular position of C++ Developer, encompasses the following responsibilities: - Hands on design, development, testing and deployment of server-side services and applications - Working closely with colleagues in the FX technology team and other technology teams to collaborate on delivering integrated solutions - Providing support for the desk with application and infrastructure questions or issues. To support these responsibilities, FX technology team members must possess excellent verbal and written communication skills. They must be able to work collaboratively with other developers and with the trading desk (traders and strats) directly. Meeting deadlines and delivering results to the business and to the rest of the team is paramount, as is having a strong sense of ownership and commitment. - Master's degree - Professional development experience: 3+ years - Experience in core C++ development within a service oriented architecture: comfortable with threading, interprocess communication, XML-based messaging - Familiar with relational databases and SQL - Communication: able to express ideas clearly and concisely - Clear understanding of object-oriented fundamentals - Experience developing high throughput transaction/event processing system - Experience developing, delivering and supporting software for Linux (or other UNIX ) operating system - Knowledge of Foreign Exchange Trading systems
3115787, https://ms.taleo.net/careersection/2/jobdetail.ftl, Risk Aggregation Developer,We are looking for a senior developer with excellent analytical skills to join the team developing next generation enterprise risk repository. The right candidate needs poses a blend of hands on technology skills (centered in Core Java/Big Data space) and soft skills allowing for effective interactions with the user community as well as multidimensional required for data modeling. The candidate will be involved in all stages of system development from analysis to design and development. Have excellent analytical ability and desire to work with users and other teamsBe a hands on Java programmer Excellent with Java design and have strong with OOPS concepts Have hands-on experience in multi-threading and concurrency packages Have good understanding of data-structures and algorithms Have good knowledge of Java memory model Have good SQL writing skills. Be able to comprehend application of database index and transactions Previous market risk experience is preferred Having worked in Big Data technology set is an added advantage
3116411, https://ms.taleo.net/careersection/2/jobdetail.ftl, Electronic FX Strat Specialist, The EFX Strat team support the electronic foreign exchange business by providing analysis on trading performance, spreads and liquidity, and by developing tools to help the traders better understand what drives the revenue on the desk. The role specifically involves calibration of the spreads we charge in currencies across different client segments, times of day and liquidity regimes. This uses tools such as Q/kdb and excel to look at historical data time-series to firstly ensure data quality and then ensure sound analysis based on back-testing. The person is also responsible for optimizing pricing settings at a client level where he works with the sales and trading desks to understand business requirements, study performance and make appropriate recommendations. - Masters or PhD in mathematics or computer science or science or relevant discipline - 2 years + Knowledge of Q/kdb tool - Experience in Financial services or similar industry - Strong interpersonal and communication skills to be able to work as part of a global distributed team across Europe, North America and Asia. - Strong verbal and written communication skills
3115501, https://ms.taleo.net/careersection/2/jobdetail.ftl, Lead Business Analyst, Enterprise System Management, Enterprise Technology & Risk (ETR) is comprised of five primary areas: - Core Infrastructure (CI) manages the infrastructure technology solutions to support the Firm’s daily operations, enable our businesses to expand to new markets, offer new client products, and comply with evolving regulations. - End User Technology (EUT) delivers core communication, collaboration and productivity tools across the Firm, including desktop and mobile devices, remote computing solutions, and multimedia services. - Quality Assurance & Production Management (QAPM) provides production management, quality assurance, and end user services for Institutional Securities and Support Services. QAPM also manages the Enterprise Command Center, Enterprise Systems Management, and Technology Disaster Recovery services. - Technology & Information Risk (TIR) delivers first-line defenses to manage risks to Firm technology. TIR oversees programs that protect and enable the business, ensure secure delivery of services to our clients, address the risks presented by an evolving threat landscape, and meet regulatory expectations. - Technology Business Development (TechBD) manages the Firm’s strategic relationships with external technology companies. Enterprise System Management (ESM) is a product engineering and development group within the Enterprise Technology & Risk division. It is focused on tools, systems, data and services used by Firmwide Technology, including resource data (asset inventory etc), monitoring, application performance management, IT service management, automation, visualization and analytics tools. The Lead Business Analyst will be part of the Enterprise Resource Data Management team within ESM and report into the ERDM Product Manager. This group is responsible for developing and managing TAI ,(Technology Asset Inventory) a Firmwide system used to describe the inventory, configuration and operational state of the Firm’s IT infrastructure. The analyst will participate in the definition of data-models, business rules, and quality metrics for the suite of applications that fall within the TAI domain. - Play a key role in articulating the scope, business requirements and user acceptance criteria of various initiatives - Coordinate across business and technology teams to push delivery according to agreed schedules - Collaborate with User Experience designers to prepare use cases, wireframes and application prototypes for review with business users and development teams - Prepare detailed functional specifications and supporting documents to guide development teams - Work with QA to review requirements and test scripts and assist in prioritizing and closing defects - Plan and coordinate User Acceptance Testing for global stakeholders - Meet deadlines and communicate any delays in a timely manner - Assist in coordinating global project team activities - Bachelor in computer science, engineering or related fields - 7+ years of industry experience in a business analyst or product management role in financial services - Industry experience with implementation of Global Data Protection Regulation projects or solutions - Experience with implementing data security solutions in financial firms - Strong written, verbal and interpersonal skills, including the ability to interact effectively with business stakeholders to understand the business and gather requirements - Familiarity with SDLC, Agile and project management methodology - Highly detail-oriented - Self-motivated, with a high level of initiative - Ability to communicate complex analysis in a clear, precise, and actionable manner - Proven ability to multi-task, managing concurrent avenues of delivery with minimal assistance. - Proficiency in MS Office (Word, Excel, PowerPoint, Visio, Project), Jira, Jive and Sharepoint - Strong tech writing skills and proven track record in developing functional requirements - Understanding of complex data models and workflows and associated technologies related to graphdata models and asset inventory systems (E.g. Stardog, MarkLogic, MongoDB, - MBA diploma - Prior development experience - Comfort working with ambiguity, managing and resolving complex issues - Ability to challenge status-quo through identification of key business requirements and addressing through innovative solutions - Affinity and experience with asset inventory systems
3115181, https://ms.taleo.net/careersection/2/jobdetail.ftl, Windows Server Operations Team Lead (L3), The Windows Server Operations group provides a stable, yet agile and dynamic infrastructure platform to support the business functional requirements whilst managing associated risks. Working with and managing the team allows for exposure to stability, security and production engineering of a large global environment of 10000+ Windows Servers. We integrate and interact with regional and global colleagues to drive change through identifying areas for process improvement, automation and scripting wherever possible. We are looking for a Lever 3 Server Operations Team Lead to maintaining technology infrastructure, providing operational stability by following and using the tools, policies, processes and procedures available. You will also be involved in numerous project based activities aiming to expand and enhance the services provided within the environment. You will work with us to evaluate, discuss, listen to and re-think ideas to move forward in a productive manner - providing constructive feedback when necessary. You will be required to produce ad-hoc and regular reports for senior management in your respective areas and projects. You will also be expected to manage the local team and participate in local management initiatives. - Managing the local team, including full time employees and contingent workers - Coaching and mentoring junior members of the wider local and global team - Driving the security agenda by improving patching tools and procedures, implementing fixes, planning and executing upgrades, identify and mitigate new vulnerabilities - Drive the cost saving initiative by identifying areas where cost savings or efficiencies can be made, automate manual processes - Create reporting solutions and reports addressing the demands of the team and customers - Working with global colleagues and management to provide globally consistent processes and procedures - Working with engineering groups to deliver value to customers - Escalating and liaising with additional internal/external groups when required, resulting in satisfactory resolution - Resolving incidents impacting hosts or environment - Investigating & troubleshooting root causes via problem management - Creating, reviewing, maintaining and updating documentation - Facilitating knowledge amongst colleagues - Planning and controlled execution of releases into the managed environment - Providing input into Business Continuity Planning and Practices - Participating in an on call rotation, this is cycled between 15 people at present. - Assisting in major planned events such as power down and disaster recovery - Responding to L1 and L2 escalations 7+ years of experience in patch management: deep knowledge of Microsoft’s and other vendors’ practices. Advanced knowledge in usage and administration of IBM Bigfix Platform, including Patch Management. Working knowledge of security and threat management principles - 7+ years of experience in Microsoft BI stack, including SQL server, SSRS and SSIS - 7+ years of experience in supporting Windows Server Operating Systems - 5+ years of experience in a financial company - 2+ years of experience in managing direct reports and remote teams - 2+ years of experience in participating in CAB meetings and approval flow of Production changes - Advanced knowledge of PowerShell scripting - Experience in deploying, migrating and supporting one or more core Microsoft technologies on a large scale (10000+ servers) environment (e.g. Active Directory, DFS-R, DFS-N, Printing, System Center Suite including Configuration Manager, Operations Manager and Orchestrator, WSUS, Failover Clustering) - Understanding of Performance Analysis and Troubleshooting tools (e.g. Sysinternals Tools, PerfMon, Splunk, ExtraHop, etc.) - ITIL v3 certified - Excellent communication skills in English and the ability to effectively communicate with technical / non-technical personnel including senior management - Great analytical and troubleshooting skills - Great attention to detail - Citrix NetScaler , Citrix XenApp and XenDesktop virtualization technologies - Experience with automation frameworks (e.g. Microsoft System Center Orchestrator) - Understanding of Cloud technologies including Microsoft Systems Center and Azure - Clustering and Storage Management technologies - Understanding of Network layers - Understanding of hypervisor virtualization technologies such as VMWare ESX and Microsoft Hyper-V - Active Directory knowledge - Experience with client management products (e.g. Microsoft System Center, Tanium, etc.)
3113127, https://ms.taleo.net/careersection/2/jobdetail.ftl, Senior Quantitative Strategist / Developer, Morgan Stanley’s Fixed Income Strats team is looking for a senior quantitative developer to join its Cross Asset group. This ED-level, front office role will incorporate a balance of both management / leadership opportunity as well as individual contribution. As such, candidates should be comfortable working on a trading floor, simultaneously leading small projects and doing tactical development Builds cross-product solutions focusing on data visualization, real-time pricing and analytics, and relative value Analyzes and build out tools for sales and distribution, covering client intelligence, performance analysis, and workflow optimization Generate ideas for both sales and trading to optimize revenue and asset allocation, maximize efficiency, and deploy resources Bachelors or advanced degree in computer science or related discipline 10+ years relevant experience, with 5+ in financial services Experience running a global, medium to large sized team Strong knowledge of at least 1 fixed income asset class (e.g. interest rate options, non-agency mortgages) Strong communications skills / ability to interact directly with both traders and salespeople Experience architecting large scale systems Experience in data mining and/or data analysis Ability to deliver tactically Expertise in OOP such as Java or C++ Expertise in a quantitative “productivity” language such as Python or Q/KDB Masters in financial engineering or related discipline Knowledge of HTML5/Javascript, including AngularJS Experience in machine learning Experience with Linux
3099196, https://ms.taleo.net/careersection/2/jobdetail.ftl, Business Intelligence Developer, The Internal Trade Reporting Applications (ITARA) Practice Area within the Institutional Securities Group is responsible for systems and infrastructure that support trade data related report creation and distribution, high performance business intelligence platforms, data extraction and data marts for internal users. Candidate will work as part of the BI/Reporting team globally, providing BI solutions to Business users across Fixed Income and Equities - Work with key stakeholders across different business areas, Fixed Income Division, Finance Controllers, and Operations, discussing requirements for new reports/BI applications. - Work on key regulatory reporting initiatives (i.e. Volcker Metrics, Market Access Rule, and Data Inquiries) - Work with Business Analysts to onboard/analyze new applications/flow into the different systems. - Work with different IT groups; especially with the Global Data-Marts team. - Implement complex reports, data extracts to give the business transparency on any trade related activities. - Research and analyze data issues - Bachelor’s degree - 3-5 years of relevant experience in a similar role. - Very strong analytical skills and documentation skills. - Strong BI/Reporting skills - Business Objects or other similar BI tool - Strong relational database skills (SQL) - (DB2/Sybase) - Strong data manipulation/data reconciliation skills. - Solid communication skills - Excellent interpersonal and organizational skills - Able to quickly digest new information - Results Oriented, proven track record. Attention to details. - Ability to thrive in a fast paced environment - Familiarity with Columnar data stores (i.e GreenPlum) - Some dashboarding experience desired (QlikView, Tableau) - Scripting/Data manipulation - shell, Perl, Python - Some business knowledge desired