RowId,Word
1,financial
2,customers
3,identity
4,data
5,market
6,services
7,platforms
8,customer
9,digital
10,traditional
11,bank
12,risk
13,insurance
14,products
15,investors
16,payment
17,investment
18,banks
19,economic
20,payments
21,capital
22,systems
23,findings
24,lending
25,providers
26,management
27,transactions
28,insurers
29,processes
30,system
31,potential
32,technology
33,business
34,dlt
35,process
36,state
37,risks
38,large
39,user
40,solutions
41,service
42,global
43,platform
44,equity
45,fis
46,industry
47,cost
48,infrastructure
49,models
50,trade
51,trading
52,transaction
53,funding
54,automated
55,product
56,markets
57,banking
58,ecosystem
59,firms
60,attributes
61,increased
62,current
63,wealth
64,crowdfunding
65,assets
66,investor
67,distributed
68,sources
69,network
70,contract
71,lenders
72,project
73,money
74,benefits
75,development
76,experience
77,funds
78,schemes
79,conditions
80,retrieved
81,individuals
82,innovation
83,shift
84,control
85,settlement
86,loan
87,increasing
88,retail
89,summary
90,create
91,underwriting
92,group
93,private
94,improve
95,gain
96,increase
97,limited
98,loss
99,lower
100,retailer